review_id,case_key,status,image_path,coverage_adequate_partial_inadequate,reviewer_comment
R01,PTC_0150,fallback,D:\Thyroid-BHI-26\data\Ultrasound images of papillary thyroid carcinoma\150.JPG,,
R02,PTC_0075,fallback,D:\Thyroid-BHI-26\data\Ultrasound images of papillary thyroid carcinoma\75.JPG,,
R03,BEN_0118,detected,D:\Thyroid-BHI-26\data\Ultrasound images of benign thyroid lesions\118.JPG,,
R04,PTC_0154,detected,D:\Thyroid-BHI-26\data\Ultrasound images of papillary thyroid carcinoma\154.JPG,,
R05,PTC_0053,detected,D:\Thyroid-BHI-26\data\Ultrasound images of papillary thyroid carcinoma\53.JPG,,
R06,BEN_0078,fallback,D:\Thyroid-BHI-26\data\Ultrasound images of benign thyroid lesions\78.JPG,,
R07,BEN_0103,fallback,D:\Thyroid-BHI-26\data\Ultrasound images of benign thyroid lesions\103.JPG,,
R08,PTC_0116,fallback,D:\Thyroid-BHI-26\data\Ultrasound images of papillary thyroid carcinoma\116.JPG,,
R09,BEN_0148,detected,D:\Thyroid-BHI-26\data\Ultrasound images of benign thyroid lesions\148.JPG,,
R10,BEN_0134,detected,D:\Thyroid-BHI-26\data\Ultrasound images of benign thyroid lesions\134.JPG,,
R11,PTC_0203,detected,D:\Thyroid-BHI-26\data\Ultrasound images of papillary thyroid carcinoma\203.JPG,,
R12,BEN_0032,detected,D:\Thyroid-BHI-26\data\Ultrasound images of benign thyroid lesions\32.JPG,,
R13,PTC_0137,detected,D:\Thyroid-BHI-26\data\Ultrasound images of papillary thyroid carcinoma\137.JPG,,
R14,PTC_0136,fallback,D:\Thyroid-BHI-26\data\Ultrasound images of papillary thyroid carcinoma\136.JPG,,
R15,PTC_0062,fallback,D:\Thyroid-BHI-26\data\Ultrasound images of papillary thyroid carcinoma\62.JPG,,
R16,PTC_0210,detected,D:\Thyroid-BHI-26\data\Ultrasound images of papillary thyroid carcinoma\210.JPG,,
R17,BEN_0110,detected,D:\Thyroid-BHI-26\data\Ultrasound images of benign thyroid lesions\110.JPG,,
R18,PTC_0050,fallback,D:\Thyroid-BHI-26\data\Ultrasound images of papillary thyroid carcinoma\50.JPG,,
R19,PTC_0213,detected,D:\Thyroid-BHI-26\data\Ultrasound images of papillary thyroid carcinoma\213.JPG,,
R20,PTC_0122,fallback,D:\Thyroid-BHI-26\data\Ultrasound images of papillary thyroid carcinoma\122.JPG,,
R21,PTC_0198,fallback,D:\Thyroid-BHI-26\data\Ultrasound images of papillary thyroid carcinoma\198.JPG,,
R22,PTC_0033,detected,D:\Thyroid-BHI-26\data\Ultrasound images of papillary thyroid carcinoma\33.JPG,,
R23,BEN_0086,fallback,D:\Thyroid-BHI-26\data\Ultrasound images of benign thyroid lesions\86.JPG,,
R24,BEN_0011,fallback,D:\Thyroid-BHI-26\data\Ultrasound images of benign thyroid lesions\11.JPG,,
R25,PTC_0142,detected,D:\Thyroid-BHI-26\data\Ultrasound images of papillary thyroid carcinoma\142.JPG,,
R26,PTC_0140,fallback,D:\Thyroid-BHI-26\data\Ultrasound images of papillary thyroid carcinoma\140.JPG,,
R27,BEN_0081,detected,D:\Thyroid-BHI-26\data\Ultrasound images of benign thyroid lesions\81.JPG,,
R28,PTC_0166,fallback,D:\Thyroid-BHI-26\data\Ultrasound images of papillary thyroid carcinoma\166.JPG,,
R29,PTC_0180,fallback,D:\Thyroid-BHI-26\data\Ultrasound images of papillary thyroid carcinoma\180.JPG,,
R30,BEN_0127,detected,D:\Thyroid-BHI-26\data\Ultrasound images of benign thyroid lesions\127.JPG,,
R31,PTC_0094,fallback,D:\Thyroid-BHI-26\data\Ultrasound images of papillary thyroid carcinoma\94.JPG,,
R32,PTC_0174,detected,D:\Thyroid-BHI-26\data\Ultrasound images of papillary thyroid carcinoma\174.JPG,,
R33,PTC_0152,detected,D:\Thyroid-BHI-26\data\Ultrasound images of papillary thyroid carcinoma\152.JPG,,
R34,BEN_0105,fallback,D:\Thyroid-BHI-26\data\Ultrasound images of benign thyroid lesions\105.JPG,,
R35,PTC_0179,fallback,D:\Thyroid-BHI-26\data\Ultrasound images of papillary thyroid carcinoma\179.JPG,,
R36,PTC_0125,fallback,D:\Thyroid-BHI-26\data\Ultrasound images of papillary thyroid carcinoma\125.JPG,,
R37,BEN_0077,detected,D:\Thyroid-BHI-26\data\Ultrasound images of benign thyroid lesions\77.JPG,,
R38,PTC_0115,fallback,D:\Thyroid-BHI-26\data\Ultrasound images of papillary thyroid carcinoma\115.JPG,,
R39,PTC_0194,detected,D:\Thyroid-BHI-26\data\Ultrasound images of papillary thyroid carcinoma\194.JPG,,
R40,PTC_0105,detected,D:\Thyroid-BHI-26\data\Ultrasound images of papillary thyroid carcinoma\105.JPG,,
