checkpoint,bytes,modified,sha256
revision_exp1b/cytology/convnext_small/best_model.pt,197955862,2026-08-20 12:22,b5847f61974cf7c46de9689ce50d97845f54d26665e5f91d3b9e66a1da353ac0
revision_exp1b/cytology/efficientnet_b3/best_model.pt,43342012,2026-08-20 12:50,73b4e475f0f1a8bd7508bd0d3d98e0f1bb6fe5414cc647205010f8371851ebd2
revision_exp1b/cytology/swin_tiny/best_model.pt,110148587,2026-08-20 13:08,7f5c8c820c20796f352795f74631703fbc4731a65701e8599d2b0881bba3b98d
revision_exp1b/cytology/resnet50/best_model.pt,94361790,2026-08-20 14:15,a744e34853e082a13f606de941259b5cb3565edfbdd5e441c585cd8ee591c6ce
revision_exp1b/cytology/densenet121/best_model.pt,28435413,2026-08-20 14:31,a8d06fb5d3f6c1ebb615677a989c6adf50c683085770ca0b2224f029e7623acd
revision_exp1b/ultrasound/convnext_small/best_model.pt,197955862,2026-08-20 15:57,82aa24174d68d307cbab6466a9066bace12d5a3d79e9ea5d870fcd171b06e34a
revision_exp1b/ultrasound/efficientnet_b3/best_model.pt,43342012,2026-08-20 16:43,85ac069f3604221fe377d056afb4604763ac8039822f51c25cb62c84290f6eaa
revision_exp1b/ultrasound/swin_tiny/best_model.pt,110148587,2026-08-20 17:07,2a020a7257d7a3ec9b497df8643f2ba04cd4772c062d469c88d69e0f74e13a37
revision_exp1b/ultrasound/resnet50/best_model.pt,94361790,2026-08-20 17:22,7a3e6840e11a576fb84d234356fe9b4c63aaed002b7837f25733a12488c4c952
revision_exp1b/ultrasound/densenet121/best_model.pt,28435413,2026-08-20 17:53,f7effe4bedba6e172df4e54fb445169423d299a70622ffde62e77357bb8c221e
revision_exp2b_group_cv/cytology/convnext_small/fold_1/best_model.pt,197955798,2026-08-20 20:44,2fafb29763c75b7e9027f64445279b22dd0b18f6571f19caa6234fa6a61319af
revision_exp2b_group_cv/cytology/convnext_small/fold_2/best_model.pt,197955798,2026-08-20 20:55,ed9448033efc8c7f785a5a25acc21acdf833fad7da685f5f16049232dee17ad2
revision_exp2b_group_cv/cytology/convnext_small/fold_3/best_model.pt,197955798,2026-08-20 21:29,2f19ae72998831609d773d170823f2010e1a8b5bc1d4c5f4a70b82c8f453b414
revision_exp2b_group_cv/cytology/convnext_small/fold_4/best_model.pt,197955798,2026-08-20 22:02,f45af80a99420fe088f06a6bf9cafaa0926131607a291c5d297e4dac6b5694fb
revision_exp2b_group_cv/cytology/convnext_small/fold_5/best_model.pt,197955798,2026-08-20 22:50,80c5dd8cc0f987b039eb487faa0cdb8d23815f3fb48b46df2b1ea3c8c48571d3
revision_exp2b_group_cv/cytology/densenet121/fold_1/best_model.pt,28435349,2026-09-18 18:55,e97b25d7a514ad9f1813c6b38a8f2fe08c5ac1aea3f253f269829bcce5f5e27f
revision_exp2b_group_cv/cytology/densenet121/fold_2/best_model.pt,28435349,2026-09-18 19:04,4722f47389fc30aedf80edbd958247ab727a0f0cf8ca9ddc0455c89f40b25148
revision_exp2b_group_cv/cytology/densenet121/fold_3/best_model.pt,28435349,2026-09-18 19:48,db4e92c24d6615e14aaa4b8d7f84ed80b868476dcdf36b664b6f62d508ce6b9e
revision_exp2b_group_cv/cytology/densenet121/fold_4/best_model.pt,28435349,2026-09-18 20:20,41ce5125d9e3a9f614fc178d74fa920ca340e3936b975480f8fe0f442f95448a
revision_exp2b_group_cv/cytology/densenet121/fold_5/best_model.pt,28435349,2026-09-18 21:08,dba581858da4e805a5c3db1788de45d81f1eac6e5f8a740a295512355af9610b
revision_exp2b_group_cv/cytology/efficientnet_b3/fold_1/best_model.pt,43341948,2026-09-18 09:32,5f8cdf8dadc58b910c01dddc489798c988f41cd2ce2a95c8b9963daa51bb18d1
revision_exp2b_group_cv/cytology/efficientnet_b3/fold_2/best_model.pt,43341948,2026-09-18 10:19,6d13979917ff7f07be9421297d0968022e35f0013b47ca5324bf9083d359b2fd
revision_exp2b_group_cv/cytology/efficientnet_b3/fold_3/best_model.pt,43341948,2026-09-18 10:51,ce2a29431bd56b88deadd1354258a7b8cf65b51551e22c67ee45955eabfccccb
revision_exp2b_group_cv/cytology/efficientnet_b3/fold_4/best_model.pt,43341948,2026-09-18 11:21,d0f8fec1e0a93ea3612c6e156ed68bc817f543ab70a653d4e9afba91c15953a6
revision_exp2b_group_cv/cytology/efficientnet_b3/fold_5/best_model.pt,43341948,2026-09-18 11:44,fc12fee417601f218d9b5a177ea5e31e45ff9d71fe9b08098be74f017e922610
revision_exp2b_group_cv/cytology/resnet50/fold_1/best_model.pt,94361726,2026-09-18 15:37,1fd7439b13a1e14a7a616ed17d99ebc438510002d9d0cfa48f0e3d74b7db57b6
revision_exp2b_group_cv/cytology/resnet50/fold_2/best_model.pt,94361726,2026-09-18 16:12,c38b95b29d3313677c9499174c759cc18cf839e3c7a3541f3fb99863973fe39c
revision_exp2b_group_cv/cytology/resnet50/fold_3/best_model.pt,94361726,2026-09-18 16:42,e43a4206000bd7df92b76bf88473e3898f34bdb851e21ef71058a6f2bd8b83a7
revision_exp2b_group_cv/cytology/resnet50/fold_4/best_model.pt,94361726,2026-09-18 17:16,f5886671e010803890b816febf485a914dd47f372ef58e6434979650b60c12dc
revision_exp2b_group_cv/cytology/resnet50/fold_5/best_model.pt,94361726,2026-09-18 17:56,511c61680d82c38395b0ccfe441c2b92e6c3898e718b77709c3c7e3a57f3d023
revision_exp2b_group_cv/cytology/swin_tiny/fold_1/best_model.pt,110148459,2026-09-18 12:56,24516e780aaafdcccc8b32829bea2cf8b217109559d910085a4cd53a772661c4
revision_exp2b_group_cv/cytology/swin_tiny/fold_2/best_model.pt,110148459,2026-09-18 13:31,e6b2326584e1bf954e795a9e11bba1b6781e45f128ce894d56f0e17d39bd14eb
revision_exp2b_group_cv/cytology/swin_tiny/fold_3/best_model.pt,110148459,2026-09-18 13:59,4097f46b18b13b76bee190d995f8bb66e5f8e74cdfa196b49197afa3d229777a
revision_exp2b_group_cv/cytology/swin_tiny/fold_4/best_model.pt,110148459,2026-09-18 14:34,340d85bc8f5aa9186a0ffac253c20569b09de2bb1fc2458382f5c8244e541499
revision_exp2b_group_cv/cytology/swin_tiny/fold_5/best_model.pt,110148459,2026-09-18 15:14,97133e4f392266aadd61636e2944a5e5340ddf9183c0bc5d25c55d454a6f9af1
revision_exp2b_group_cv/ultrasound/convnext_small/fold_1/best_model.pt,197955798,2026-08-20 22:52,431a8b56e418d9c24181a74f5ecca7873e583ae08e3be515a010d357c5a3fa6e
revision_exp2b_group_cv/ultrasound/convnext_small/fold_2/best_model.pt,197955798,2026-08-20 23:46,056c960d2da8fc4c58b697a442b224093fa4653ce120cec989b23a45028befed
revision_exp2b_group_cv/ultrasound/convnext_small/fold_3/best_model.pt,197955798,2026-08-20 23:52,403f429a7c0c960e489d9ee19b4adc64a1dcc712302817f3adea8708298244c7
revision_exp2b_group_cv/ultrasound/convnext_small/fold_4/best_model.pt,197955798,2026-08-21 00:23,b26d3de33f8a93cc04906c832afd5e5d2101efa58b9cdfb6af2c2c4201e82406
revision_exp2b_group_cv/ultrasound/convnext_small/fold_5/best_model.pt,197955798,2026-08-21 00:46,b4af2730d446429083dab509271b1a5a9be870ab0883d68cedd56e6c95e8ace2
revision_exp2b_group_cv/ultrasound/densenet121/fold_1/best_model.pt,28435349,2026-09-18 06:49,69cd90e8069d0889c66bf0ba21dfb7611842f46425e579c0f933d949bbcac738
revision_exp2b_group_cv/ultrasound/densenet121/fold_2/best_model.pt,28435349,2026-09-18 07:22,69c1505da6ef07d06ca856b01a423dfc0918900ae11602536d1fe850e3211774
revision_exp2b_group_cv/ultrasound/densenet121/fold_3/best_model.pt,28435349,2026-09-18 07:36,ad5e3400e820996053f3e0eddb6da95a57b8e764b15497e2292bf68e88eb11f3
revision_exp2b_group_cv/ultrasound/densenet121/fold_4/best_model.pt,28435349,2026-09-18 08:05,cd54a3b31328d503c2520a3cfc94d3781bcddcb75a1e902ec9b2e0a8fe38fd04
revision_exp2b_group_cv/ultrasound/densenet121/fold_5/best_model.pt,28435349,2026-09-18 08:48,1d1a37f183456fa886c7114e0a82be1918517a42aa7250ee59d27977a72dcdc0
revision_exp2b_group_cv/ultrasound/efficientnet_b3/fold_1/best_model.pt,43341948,2026-09-17 22:32,3eaf3ba1b6bd6bdd2cdedf5f126f418c4d51493e2697f70a2c34829af486855a
revision_exp2b_group_cv/ultrasound/efficientnet_b3/fold_2/best_model.pt,43341948,2026-09-17 23:16,2bd8d9ecbb09ef105599cdff8e6d42f91b3be9fc08fe860c35358a263b964d21
revision_exp2b_group_cv/ultrasound/efficientnet_b3/fold_3/best_model.pt,43341948,2026-09-17 23:56,3513e43f17ef0edeaf849a835ae9c61ba7613c972ecd90fbda1ce70f29a29b67
revision_exp2b_group_cv/ultrasound/efficientnet_b3/fold_4/best_model.pt,43341948,2026-09-18 00:13,beadc311e356b7264ce9005de2d857d2870369e95d8847de605e2fe550bdac2b
revision_exp2b_group_cv/ultrasound/efficientnet_b3/fold_5/best_model.pt,43341948,2026-09-18 00:50,9a81cd283871303e10f5abd65ab4da9d7a55587722d3109a6b6de7e81660d287
revision_exp2b_group_cv/ultrasound/resnet50/fold_1/best_model.pt,94361726,2026-09-18 03:57,9757bd1e59fed09382d1eac31c729a4f48e84f5eed6e9396c88c45daa66194a0
revision_exp2b_group_cv/ultrasound/resnet50/fold_2/best_model.pt,94361726,2026-09-18 04:22,e1af2e1564b41f5713583513807c8410a49032a1d1ecf423db045ded3e49284b
revision_exp2b_group_cv/ultrasound/resnet50/fold_3/best_model.pt,94361726,2026-09-18 05:11,0695737c2fab441bbf3cc91a3b156c7489e798fc3e1e068766e2ce5910f935d7
revision_exp2b_group_cv/ultrasound/resnet50/fold_4/best_model.pt,94361726,2026-09-18 05:48,56c0ccf9c1250be30d48371ca0b8e39d8e89ccc8bc9808c34f24ac08111f8034
revision_exp2b_group_cv/ultrasound/resnet50/fold_5/best_model.pt,94361726,2026-09-18 06:21,8542a28af5f7eabefb23f2ec9709253eb6f607321922d5ed833083dba5f0042e
revision_exp2b_group_cv/ultrasound/swin_tiny/fold_1/best_model.pt,110148459,2026-09-18 01:22,836bb9265b15c6d3905074b87c53edd3a4f5dd5db102b2d450a0feda0e926770
revision_exp2b_group_cv/ultrasound/swin_tiny/fold_2/best_model.pt,110148459,2026-09-18 01:59,0937810886ef34210540fbccecd1bc8f5a1d324763527ed1853872b077481b38
revision_exp2b_group_cv/ultrasound/swin_tiny/fold_3/best_model.pt,110148459,2026-09-18 02:39,4621f9da845287f7f97695d607020545b56d73794e8f3cd04a0ac78404d1d7f6
revision_exp2b_group_cv/ultrasound/swin_tiny/fold_4/best_model.pt,110148459,2026-09-18 02:58,13bbc4b2fc778cc56fcf19c6bfda4aeca8e747a80d4cea6ad16aab10c7dc5276
revision_exp2b_group_cv/ultrasound/swin_tiny/fold_5/best_model.pt,110148459,2026-09-18 03:40,58571cfdbfa15294988ce6d3b1e27e9e70e195158fb66e230711b197ee1ac03c
revision_round2/imagelevel_cv/cytology/convnext_small/fold_1/best_model.pt,197955798,2026-09-18 22:10,d3a6d0514f63756afc2815061e20d8c04aeba4ceb90fdb597bf23f8961d255c3
revision_round2/imagelevel_cv/cytology/convnext_small/fold_2/best_model.pt,197955798,2026-09-18 22:40,0c5bea0dbb0cf422f29c34c9c42912bf2e135ce0f48d5890e608e570aa14bb19
revision_round2/imagelevel_cv/cytology/convnext_small/fold_3/best_model.pt,197955798,2026-09-18 23:18,d2fce451708d9fa31bdce813c8c26be9e4408b3451dcdddf44cfe7b5c2747463
revision_round2/imagelevel_cv/cytology/convnext_small/fold_4/best_model.pt,197955798,2026-09-19 00:10,08c760cb3a36ad4dbd64a9619f415809c46273b6449efab5c75e1c7220212699
revision_round2/imagelevel_cv/cytology/convnext_small/fold_5/best_model.pt,197955798,2026-09-19 00:53,00f7090fe6463a1d45b3f3631c5882341efb12f3e17f54b9bf155ad645923a87
revision_round2/imagelevel_cv/cytology/efficientnet_b3/fold_1/best_model.pt,43341948,2026-09-19 01:00,acf0273fe9ccf80ef2fd3eb5f9c8d9f37dd5c3b6368c9901a62b93763ce73634
revision_round2/imagelevel_cv/cytology/efficientnet_b3/fold_2/best_model.pt,43341948,2026-09-19 02:13,239abfc8c5ce27b6da286c7df9a541fb3c8d248d32a3639eaa5a3aff38708569
revision_round2/imagelevel_cv/cytology/efficientnet_b3/fold_3/best_model.pt,43341948,2026-09-19 02:52,6aa1ab88a0faf3c2e131a05d3e3dead2eba4c1523d9a4b66b4f30f6ab9ee1db3
revision_round2/imagelevel_cv/cytology/efficientnet_b3/fold_4/best_model.pt,43341948,2026-09-19 03:21,fb33b90608bf84f0cccbe444f4803ddb3f8351e17c547fd361b7d61a07157d36
revision_round2/imagelevel_cv/cytology/efficientnet_b3/fold_5/best_model.pt,43341948,2026-09-19 03:58,aff2f15751650fceccd4cb104fd6e64a61ad5bf0e25887701245c4979caaa282
revision_round2/shortcut_cv/center_only/ultrasound/convnext_small/fold_1/best_model.pt,197955798,2026-10-07 06:51,5c549a6024f5bf05faae6045e2350e3c68ebd6f43687fbba46031787eed570c1
revision_round2/shortcut_cv/center_only/ultrasound/convnext_small/fold_2/best_model.pt,197955798,2026-10-07 07:35,0415d84e9695b01df9b0a89c6272bacc1bda2699d29a6217c89b33f035b50bba
revision_round2/shortcut_cv/center_only/ultrasound/convnext_small/fold_3/best_model.pt,197955798,2026-10-07 08:05,85c6e554964196d53b9db29d38016478a5aae1d88158a738f3140b62a6333bc2
revision_round2/shortcut_cv/center_only/ultrasound/convnext_small/fold_4/best_model.pt,197955798,2026-10-07 08:19,ebc6f8adb1d9f8a92226b0effc0c4615fcf46a5f24a6a6dfb805325981631b0b
revision_round2/shortcut_cv/center_only/ultrasound/convnext_small/fold_5/best_model.pt,197955798,2026-10-07 09:29,5b1b3a7c058129f7455dc5e63cd7101c6c6b43201c87265de89469134d7b557e
revision_round2/shortcut_cv/center_only/ultrasound/densenet121/fold_1/best_model.pt,28435349,2026-10-06 12:01,9e56e6c0cc04a7d33eb1e878be22b2e3d09aa0cf2c47d03953ce13aa76093a57
revision_round2/shortcut_cv/center_only/ultrasound/densenet121/fold_2/best_model.pt,28435349,2026-10-06 12:48,cebc26690f3ef65fc8caef56f054c6029d187834f0166d917bb559d81e8cae54
revision_round2/shortcut_cv/center_only/ultrasound/densenet121/fold_3/best_model.pt,28435349,2026-10-06 13:20,d5123df4b21dbb324d67708621af191538a7c1eec0b458cdfb6bc6bfc6cc1b82
revision_round2/shortcut_cv/center_only/ultrasound/densenet121/fold_4/best_model.pt,28435349,2026-10-06 14:00,f438a181385a8a0b2ceb082dd796f2c7e8c37c6d146d87dad425ebcfba721aaa
revision_round2/shortcut_cv/center_only/ultrasound/densenet121/fold_5/best_model.pt,28435349,2026-10-06 14:32,3f56c9f7a449859eb0107bdd4c2987cff9e0956d9847b38f6af8c79e5118cd99
revision_round2/shortcut_cv/center_only/ultrasound/efficientnet_b3/fold_1/best_model.pt,43341948,2026-09-19 07:33,4b1e145f46673e06470be1e8672965432f1bc2a03c41ff597b714f74507d95c1
revision_round2/shortcut_cv/center_only/ultrasound/efficientnet_b3/fold_2/best_model.pt,43341948,2026-09-19 08:21,84988866950e31adc71aaaa4b0330c5c74b82cced4b6bd18813cdd69554827d3
revision_round2/shortcut_cv/center_only/ultrasound/efficientnet_b3/fold_3/best_model.pt,43341948,2026-09-19 09:23,4e52e4f129c45aebe18aba8a6ab0ca5affa631ec6c1a91cf10df9fb8d0519ec7
revision_round2/shortcut_cv/center_only/ultrasound/efficientnet_b3/fold_4/best_model.pt,43341948,2026-09-19 09:42,defd63e67d2478ee6b9dfa5eb4679ddd680067fec9b8ec167fcd63c4268b4da7
revision_round2/shortcut_cv/center_only/ultrasound/efficientnet_b3/fold_5/best_model.pt,43341948,2026-09-19 10:32,4ebb2178294ae5f43e2cd0c957bae3e964e75498a8aad57696ea23ce551939e4
revision_round2/shortcut_cv/center_only/ultrasound/resnet50/fold_1/best_model.pt,94361726,2026-10-06 18:21,f5d826ff132ad9ee347cf3387dbd4e6d772ca7f87877a7db2fd7c8c2277da368
revision_round2/shortcut_cv/center_only/ultrasound/resnet50/fold_2/best_model.pt,94361726,2026-10-06 18:50,db4a1c3bced3425be67375cc6516dd8f5fd96f462c0c6ca70ab8809fde80e52c
revision_round2/shortcut_cv/center_only/ultrasound/resnet50/fold_3/best_model.pt,94361726,2026-10-06 19:25,ddc171192ef87abe25f19c27bb7c8634ec5325835c2206df288d8e609055e89d
revision_round2/shortcut_cv/center_only/ultrasound/resnet50/fold_4/best_model.pt,94361726,2026-10-06 20:17,78b46e11061a614e5f65459c6715d16ae2f57db44b3269f3ac40ca8ebc6118a4
revision_round2/shortcut_cv/center_only/ultrasound/resnet50/fold_5/best_model.pt,94361726,2026-10-06 20:51,2b71676cf4742aaad3af7982130cc0e00c1cadcac4c7365f4b07de35313f3d33
revision_round2/shortcut_cv/center_only/ultrasound/swin_tiny/fold_1/best_model.pt,110148459,2026-10-07 00:22,d00494e67b302b52873c1a0c46df2350b3d4617042481107cd9ebe0428e65877
revision_round2/shortcut_cv/center_only/ultrasound/swin_tiny/fold_2/best_model.pt,110148459,2026-10-07 01:07,769bea434d2a556e4d8172fef26adf2a2303ecec4a4a2c663724701dd0d0b5aa
revision_round2/shortcut_cv/center_only/ultrasound/swin_tiny/fold_3/best_model.pt,110148459,2026-10-07 01:32,c4a7db101aad0bebf1bd720c5da0d5e0ece9fc14a1928e70a9c589188fd5fdd5
revision_round2/shortcut_cv/center_only/ultrasound/swin_tiny/fold_4/best_model.pt,110148459,2026-10-07 01:58,cd3750f4dd781c8d401b32ecdb88e4b1cbfec9e1236ffa37f05568c230fe7971
revision_round2/shortcut_cv/center_only/ultrasound/swin_tiny/fold_5/best_model.pt,110148459,2026-10-07 02:23,e0f4aa04df12dc44847e33e6406db052ab9a4de5955130e21d76b31bf048906d
revision_round2/shortcut_cv/surround_only/ultrasound/convnext_small/fold_1/best_model.pt,197955798,2026-10-07 03:13,9a08d42223042b651897bffbc6ec57ed60868409f0e9011e28fe936a35ae7a1a
revision_round2/shortcut_cv/surround_only/ultrasound/convnext_small/fold_2/best_model.pt,197955798,2026-10-07 03:34,e08fe0be1e8a0dbb0e15f6b440a453cb5ca07914af035e69fd209338428e5513
revision_round2/shortcut_cv/surround_only/ultrasound/convnext_small/fold_3/best_model.pt,197955798,2026-10-07 04:33,cac14366fb4750849c642ea60f8930ff912c6a263a0417dda9bf6b90ba98a0f2
revision_round2/shortcut_cv/surround_only/ultrasound/convnext_small/fold_4/best_model.pt,197955798,2026-10-07 04:53,bc0371b628dc22565178231d0ee0aeddf7aa9c5ba99f08b3ed8ac82d00d65b30
revision_round2/shortcut_cv/surround_only/ultrasound/convnext_small/fold_5/best_model.pt,197955798,2026-10-07 06:07,e8be8ab69287e65576a818f5d26f9457fa6a424a8be22a652df608751b9f5f14
revision_round2/shortcut_cv/surround_only/ultrasound/densenet121/fold_1/best_model.pt,28435349,2026-10-06 08:57,52bd09bd86819d231cad596d82b0b42f238fb3469f9d64d6015f0c8385b531d4
revision_round2/shortcut_cv/surround_only/ultrasound/densenet121/fold_2/best_model.pt,28435349,2026-10-06 09:22,83efdd4e063a82abe36e245a60cb24b6ca31859fa46501bb71bfe1d30616d882
revision_round2/shortcut_cv/surround_only/ultrasound/densenet121/fold_3/best_model.pt,28435349,2026-10-06 10:19,1a30264268f99d99e8b1def695de73034e6f0d99488fa5592bb4f6a6ec5e250f
revision_round2/shortcut_cv/surround_only/ultrasound/densenet121/fold_4/best_model.pt,28435349,2026-10-06 10:36,be6835679711c80a53411db97d26ed95ba7adb055f860f2c78c04fd650107332
revision_round2/shortcut_cv/surround_only/ultrasound/densenet121/fold_5/best_model.pt,28435349,2026-10-06 11:12,c4457850981434e2aad25b75714b6b2167fc8de9a926ba49170bd95fec5545c5
revision_round2/shortcut_cv/surround_only/ultrasound/efficientnet_b3/fold_1/best_model.pt,43341948,2026-09-19 04:39,135188447b34c04a74954ea877f5ae104d53b23cb7bd7ce8fef73e914e42a3a3
revision_round2/shortcut_cv/surround_only/ultrasound/efficientnet_b3/fold_2/best_model.pt,43341948,2026-09-19 05:11,04643c887830e7ac7067de7356bb93473ad363a3ad677f44f18c10185c2e8e3d
revision_round2/shortcut_cv/surround_only/ultrasound/efficientnet_b3/fold_3/best_model.pt,43341948,2026-09-19 05:55,4291ba53fcddca96c37cdc8183d74b71e0dd7c8e0ede76212a148ec29cf35258
revision_round2/shortcut_cv/surround_only/ultrasound/efficientnet_b3/fold_4/best_model.pt,43341948,2026-09-19 06:39,c2322bba535e877bb308da136b04e94df6b7cb9a9435c6bef730955e8b271350
revision_round2/shortcut_cv/surround_only/ultrasound/efficientnet_b3/fold_5/best_model.pt,43341948,2026-09-19 06:51,56bc24a9f0363c2436f0cba701d475cb5eaef7bed67c3cf37dba9b1cbd943cab
revision_round2/shortcut_cv/surround_only/ultrasound/resnet50/fold_1/best_model.pt,94361726,2026-10-06 15:00,a4d8f32e9c2a05bf9afaf8dc0d5351ecd0089737851d8a1ae3819f2274dd20c8
revision_round2/shortcut_cv/surround_only/ultrasound/resnet50/fold_2/best_model.pt,94361726,2026-10-06 15:51,a67cef5c127f9b72305a759e26cbcce42cb346310c2b0ee47d99348fa10e7b64
revision_round2/shortcut_cv/surround_only/ultrasound/resnet50/fold_3/best_model.pt,94361726,2026-10-06 16:16,1f50e723d678e53453d2d766178df3151803cd147db48a31b8a4871c64bf2e70
revision_round2/shortcut_cv/surround_only/ultrasound/resnet50/fold_4/best_model.pt,94361726,2026-10-06 17:08,b20012b76b2b879857672715958947dc25abd8d645fa60767157d7a64f9cceb7
revision_round2/shortcut_cv/surround_only/ultrasound/resnet50/fold_5/best_model.pt,94361726,2026-10-06 17:42,bc75ef407c6557d74436abb3b7b00d8869ead803c3d96594545bf97c840f6d94
revision_round2/shortcut_cv/surround_only/ultrasound/swin_tiny/fold_1/best_model.pt,110148459,2026-10-06 21:25,4df90c322f67602418fbd3935e9e3e55bd590e9c4ef8faf743047d4d22b100a8
revision_round2/shortcut_cv/surround_only/ultrasound/swin_tiny/fold_2/best_model.pt,110148459,2026-10-06 21:47,230b2b878d09df5338bac0aa169e92c3fae39b37f3eeab6840506c5573eb7e53
revision_round2/shortcut_cv/surround_only/ultrasound/swin_tiny/fold_3/best_model.pt,110148459,2026-10-06 22:35,9eb2df6fde809eb37c2710d1e15e9298c2e3bab1e7d07668216ed0e126fa6641
revision_round2/shortcut_cv/surround_only/ultrasound/swin_tiny/fold_4/best_model.pt,110148459,2026-10-06 22:57,7553302c01b3bbf492d449f60080aaed2cfa54186748d0b862c1973edfd0b23e
revision_round2/shortcut_cv/surround_only/ultrasound/swin_tiny/fold_5/best_model.pt,110148459,2026-10-06 23:52,87f74155123db52f7329828bc112bf689b646ed85ecae6de6489301916e5c47d
